정치,경제
"박근혜, 버스타고 MB 만나러간다",공고 교장에 머리 숙인 이재용…왜?
김정은 3남매 나란히 등장한 작년 봄 현지지도 사진 공개,환율 급락 1130원… 5월 이후 최저치
‘盧영결식때 MB에 샤우팅’ 백원우의원 2심 무죄!,[포토뉴스]아웃도어 의상 입고 날개 단 듯
"성남시, 9층 시장실 고쳐 ’북카페’ 공간 넓혀","수요층 탄탄한 지역, 상가와 오피스텔 노려볼까?"
"점수 미달자 합격 시키고, 서류전형 빼주고… 외교부 특채 ‘복마전’",“자동차 양보안은 국내 업체 역차별”
세습 비판 ‘진보의 고심’,"포스코, CI 리뉴얼 작업 완료"
북한 ‘3대 세습’ 미·중·일 전문가 진단,신한금융사태 한달… 한숨 돌렸지만 주주·직원·이사들 ‘한숨뿐’
육군상병 월급 50년전의 488배,"한국 장학재단, 13개 교육대학과 다문화가정의 멘토링 위한 업무협약"
"靑, 김성환 외교장관 공식 내정",8.29대책으로 주택시장 저점반등 준비…어디가 유망할까?
당원 여론 + 현장 연설이 당락 가른다,상추·호박·열무 2~3배 껑충
이산상봉 30일부터 금강산서… 남북 100명씩 6박7일간,"정부, 미국 차 환경규제 유예… FTA 자동차 부문 양보"
"野·政, SSM법 회기내 처리 합의",신선식품 값 45.5% 폭등… 김장철까지 고공행진할 듯
"4대강사업, 대기업 독식 지역건설사는 찬밥","현대건설 인수전, 예상대로 2파전… 현대차·현대그룹 의향서 제출"
박근혜 “MB정부 성공 위하여 건배”,대졸자 취업률 55% 불과
"외교부, 수단 방법 안 가린 ‘특채 비리’","“LG전자, 방심이 위기 불러”… ‘주도권 찾기’ 본부장급 인사"
김황식 총리 임명동의안 통과,진주에 ‘4각 산업벨트’가 떴다!
김무성 “보름동안 김치 같은건 좀 참아라”,"인천국제공항, 김포공항, 승무원, 면세점, 물류센터, 직원, 전용오피스텔!"
"북, 영변 원자로 부근서 ‘뭔가 공사’",“수원 아파트 살기 편해진다”
한·리비아 외교갈등 봉합,"9월 무역흑자, 크게 늘어난 50억달러"
"국과위, 상설 행정위로 격상",합리적 분양가와 높은 품질까지! 장안의 대표 아파트를 만나다. ‘수원 장안 STX칸’
조건 없는 금강산 상봉 남북 냉기류 걷어낼까,원자재값 덩달아 급등 ‘2중 압박’… 금리인상 가능성
국회가 놀이공원…코끼리 열차 운행,직장인 10명중 3명은 ‘하우스 푸어’
금강산길 열리나…北 실무회담 제의,"‘마약운반’ 리제트 리, 진짜 삼성家 손녀다?"
군 G20 통신망 구축사업 ‘위법·향응’,포스코 “자원개발·신사업 강화”
"김정일 건강 괜찮은가… 걸음걸이 안정, 얼굴엔 여유",‘랜드마크 아파트’가 제값 한다
"정부-민주 첫 당정협의, ‘친서민’ 한목소리… ‘4대강’ 예산 등은 접점 못찾아",“추석 이후 수도권 중소형 알짜 아파트를 찾아라”
바람· 조직· 당심… ‘빅3’ 누가 웃을까,사당동 초역세권 아파트 ‘사당 남성역 두산위브’
박근혜 “MB정부 성공 위하여” 건배사…친이·친박 시종일관 화기애애,해외결제 가능한 ‘토종카드’ 나온다
김황식 총리 취임…민주당 ‘반대’ 당론 힘 못썼다,"정부, 2016년까지 희토류 1200t 확보키로"
김정일 때보다 빠른 사진 공개 왜?… 공격적인 세습 의지 담겨,"현대건설 인수전, 현대車-현대그룹 2파전 확정"
"남북, 10월 30일부터 7일간 이산상봉… 각 100명씩 금강산에서",가을배추 출하도 작년 절반 ‘뚝’…김장파동 우려
"北, 김정은 초상화 1000만장 제작… 우상화 본격화",‘K5’ 탄 기아차 9월 독주… 내수 4만191대 판매
리비아 억류 교민 풀려난다,"‘산지 직거래’ 정부 지원받는 대형유통업체, 농산물값 되레 더 받아"
"“고도비만 김정은, 2008년 당뇨로 쓰러져”","배추 유통구조 문제점… 70%가 밭떼기 거래, 수급 불균형 초래"
[뉴스포커스] ‘北 황태자’ 김정은의 힘 어디서,LG전자 CEO 구본준 부회장 취임… 휴대전화·TV ‘명예회복’ 시동
"김정은 공식 한자 표기, 正銀 아닌 正恩",쇠고기 이력추적제 위반 업소 많은 이유
"국과위, 상설위원회로 격상… 대통령이 직접 위원장 맡아",중국 배추값도 열흘새 50∼60% 폭등
北 영변 원자로 냉각탑 재건하나… 건물 2동 신축 움직임 추정,9월에도… 8개월째 무역흑자 행진
김성환 외교부장관 내정자 과제는… 내부개혁·남북관계 개선 ‘험로’,SK에너지 석유·화학부문 분사한다
김황식 후보자 인준안 가결… 첫 전남 총리 취임,"[비즈파일] SK그룹, 수재의연금 10억원 기탁"
"北 권력 변화… 김정은 바로 뒷줄에 선 최용해, 막중한 역할 맡을 듯",[재계 인사] 대우인터내셔널 이동희 부회장 선임
"한나라, 납품단가 연동제 적극 검토","정부, 수급안정대책 발표… 고랭지 채소·월동 배추 조기출하 유도"
[北 막오른 김정은 시대]대남정책-‘천안함 출구’ 모색… 군부강경파 입김이 변수,신선식품發 ‘물가 쇼크’… 3.6% 뜀박질
[단독]전-의경 ‘일과후 외출’ 대폭 확대,원·달러 환율 1130원선 턱걸이…하룻새 9.80원 떨어져
[北 김정은 사진 첫 공개]“포커페이스의 뚱뚱한 젊은이”,"공기압마스크, 네이버 실시간 검색어 3위"
[北 김정은 사진 첫 공개]北 노동당 비서 최태복 방중,통화전쟁 확산
李대통령 ASEM 기간중 中-日-호주와 정상회담,내신 서술형 평가? 입학사정관제도? ‘리딩오션’이면 OK!
[北 김정은 사진 첫 공개]170㎝에 90㎏ 넘어… 얼굴-몸집 ‘리틀 김일성’,[배추값 폭등 현장 르포]MB 가족식탁에 양배추김치 오른 사연은
[北 김정은 사진 첫 공개]北 기자들에 “김정은 컴퓨터에 해박하냐” 묻자,"한국장학재단, 대학생 글로벌정신 함양 힘쓴다!"
‘민주당 전대 D-2’ 당권 향배 아직 오리무중… 빅3 오차범위내 접전,패션 미수다들의 한국 브랜드 사랑
"베일벗은 김정은, 김일성 빼닮아","똑소리나는 아파트 선택, ‘특별분양’ 혜택 누리세요"
[北 김정은 사진 첫 공개]사진 속 두 여인은 김옥-김여정?,이재환 “전세계 무대로 원자력 홍보… 원전 수출 돕겠다”
北 “美는 평화 파괴자… 핵 포기 안해”,펀드 수익비용 계산 서비스 시행
10·27 재보선 6곳 확정… 국회의원-광역長은 없어,"LG유플러스, 모바일 광고시장 진출"
"“공정한 지구촌 G20에서 논의” 李대통령, FAO아태총회 축사",“QR코드 찍어 분양정보 보세요” 건설업계 마케팅 새바람
‘청와대 공사 특혜’ 前행정관 기소,수중 청소로봇 개발… 포항지능로봇연구소
"[G20 서울국제심포지엄 결산]‘개발이슈’… 총론엔 공감, 각론선 난항 예고",급여통장 ‘보너스’ 챙기나요
[北 막오른 김정은 시대]대미정책-‘美제재 탈출’ 절실… 관계개선 적극 나설 듯,글로벌 금융위기 맞았던 한국 경제 지난해 2월에 바닥 찍어
[G20 서울국제심포지엄 결산]환율문제 초미관심,천덕꾸러기 ‘와이브로’ 화려한 부활
탈북자 56% “월수입 50만원 안돼”… 63%는 “취업때 차별”,이란과 금융거래 오늘부터 가능
[北 김정은 사진 첫 공개]사진으로 본 권력변화,"[뉴스테이션/단신]<2>배추, 무 수입관세 한시적 폐지"
[北 막오른 김정은 시대]대내정책-억압체제 유지하되 주민 시장활동 묵인할 듯,[지표로 보는 경제]10월 1일
[G20 서울국제심포지엄 결산]행사 지켜본 대학생 리포터들,'앤페이백' 이용하면 포인트 카드 없이 휴대폰 하나로 오케이
[G20 서울국제심포지엄 결산]웬디 셔먼 美올브라이트그룹 부회장,10대 핵심소재 개발 사업단 출범
南 “천안함 사과… 책임자 처벌하라”,"[창업성공 Brand]맛과 양으로 승부 '짬뽕의 신화', 매일 문전성시"
野 “조카사업 관련 감사무마 의혹”… 金 “그 얘긴 어제 처음 들어” 부인,[뉴스테이션/동아논평]은행 서민대출 무리수
"해군고속함, 고속 기동때 ‘갈지자’ 운항",김장용 배추도 불안하다
"‘딸 특채 파문’ 유명환 前외교, 日체류 이유로 국감 불참할듯",제16회 광저우 아시안게임 승마대표단 금메달3개 은메달3개 획득 가능성 높아
與청문위원 7명 “김황식 총리 적격” 野 3명 “부적격”,신한銀 “대출 심사때 준법감시인 참여”
[G20 서울국제심포지엄 결산]존 커튼 G20리서치그룹 공동디렉터,수원 장안구 아파트 시장이 뜨겁다
[北 김정은 사진 첫 공개]“심혈관 질환-당뇨병 위험 높은 비만형”,"물가 상승, 미혼들 축의금에도 영향…남 61%, 여 47%"
[3代 세습 ‘金의 왕국’]<下>새 지도자 정책변화 이끌까,"정몽규 현대산업개발 회장, 녹색경영으로 새로운 도약 추진"
"러, 안중근의사 관련 외교문서 한국에 첫 전달","키코피해기업, 청와대에 대책마련 호소문 전달"
"[北 막오른 김정은 시대]로이스 하원의원 “김정은, 개혁가 되지 않을것""",[뉴스테이션/단신]<3>대졸 구직자 절반만 취업 성공
김황식 총리 인준안 통과,"잦은 피부 트러블, 뾰루지 피부, 민감성 피부는 뾰루지 전용 기능성 화장품을 사용해보자."
[北 막오른 김정은 시대]노동당 요직엔 누가,용산-영등포-공덕 주택개발 잠재력 크다
김황식 총리 임명동의안 가결… 金총리 “공정사회 실현 앞장”,[배추값 폭등 현장 르포]노사협상 테이블 오른 ‘배추’
‘천신일 수사’ 정치권 사정 신호탄?,삼성자산운용 ‘골드선물ETF’ 상장
[北 막오른 김정은 시대]‘김정은 데뷔’ 치밀한 각본,최태원 회장 “SK가 있어 협력사 행복해져야”
금강산 이산상봉 30일∼11월 5일 개최 합의,경기 회복세 둔화 신호? 광공업 생산 10개월 만에 감소
"[北 막오른 김정은 시대]조선중앙통신 보도, 金正銀(Ｘ) 金正恩(Ｏ)","천덕꾸러기 야생벼, 80kg 200만원 ‘金쌀’로"
野-政첫 정책협의 “저소득층 장학금 1000억원 연내 지급”,[오르락 내리락]희귀금속 관련株 상승세
"외교부, 17명 중 편법특채 10명 확인",[경제 카페]LG전자 ‘구본준號’ 개혁 어디까지…
"G20 리셉션, 용산 중앙박물관에서 열기로","“물가상승률 3% 넘을듯” 한은, 금리인상 거듭 시사"
“G20 수행 최적임” 외교장관 김성환 내정,"[마켓 투데이]한은, 물가상승 압력 제대로 보고 있나"
"北, 2008년 해체한 영변 핵시설 복구하나?","LG화학 전기자동차 배터리, 르노에도 2조원 규모 공급"
"李대통령, 국가과학기술 위원장 맡는다","“미소야 매장, 리뉴얼로 까페 분위기 물씬”"
박근혜 “MB정부 성공 위해 건배”,LS그룹 하반기 300명 공채
,투자 고수들만의 알짜 투자처 중동 '더 스테이트몰'
,[배추값 폭등 현장 르포]정부 “배추부족 지켜볼수만 없다” 비상책 강구
,기대컸던 생명보험사 상장 1년 성적표는…
,유럽 강도높은 재정적자 감축안 마련… 스페인도 소득세 인상
,"[경제 투데이]아모레퍼시픽, 유방건강재단 10주년 기념식 外"
,"하이투자증권, 주식투자용 대출 출시"
,수원 신규분양보다는 혜택 많은 ‘미분양 눈길’
,[DBR]데카르트-잡스처럼 기존지식 반대쪽을 통찰하라
,[DBR/ CASE STUDY]삼성 ‘듀얼 뷰 카메라’ 셀카 찍기 쉽게 앞에도 LCD창 달아 대박
,‘포스코 편입’ 대우인터 이동희 체제 출범
,글로벌 환율전쟁속 원-달러 1140원 무너져
,[오르락 내리락]‘새내기’ 휠라코리아…상장 4일만에 첫 상한가
,[Biz Golf]‘퍼터 마케팅 귀재’ 토털 골프 브랜드 꿈꾼다
,[지표로 보는 경제]10월 2일
,[DBR 칼럼]‘터미네이터’ 주지사가 KTX를 탄 까닭
,[지금 경제계에선]“2년뒤 세종시 가기 싫어요” 공무원들 ‘이전 부처’ 기피
,"[마켓 투데이]수익 좇는 돈, 낮은 곳에서 높은 곳으로 흐른다"
,갤럭시S 전용 가죽케이스 ‘패션슈트’ 출시
,[DBR]도요타 벤치마킹한 기업들은 왜 실패했나 外
,취임 LG전자 구본준 “명예 되찾자”
,[DBR]로버트 서튼 스탠퍼드대 교수가 말하는 ‘리더십 비법’
,"현대건설 인수전, ‘범현대家’ 2파전 확정"
,시장 상승기 대비 ‘초역세권+분양가상한제’ 잡아라
,"OECD, 한국 올성장률 전망… “예상보다 회복세 빨라 상향”"
,김치 없이 못사는 한국인에게 ‘잔인한 가을’
,[아하! 그 광고]인구주택총조사 캠페인
,"대우증권, 인도네시아 투자펀드 판매"
,한화증권 ‘재야 투자고수’ 초청 강연
,[BIZ WINE]입보다 코로 먼저 맛보는 ‘아로마 키트’
,[그린에서]타이틀리스트 ‘스튜디오 셀렉트 라구나2’  外
,[맞춤 재테크]연금저축 중도해지때 세금은
,남아공 원자력 사업에도 진출기반 마련
